n,seed,opt_cost_true
25,0,1.884642
25,1,1.96015
25,2,1.531742
25,3,1.374302
25,4,1.513854
50,0,1.165253
50,1,1.660613
50,2,1.572893
50,3,1.441647
50,4,1.38567
100,0,1.66128
100,1,1.624391
100,2,1.531652
100,3,1.462691
100,4,1.460538
300,0,1.711219
300,1,1.628451
300,2,1.628006
300,3,1.497873
300,4,1.640847
500,0,1.610976
500,1,1.641463
500,2,1.615248
500,3,1.592993
500,4,1.724703
1000,0,1.62482
1000,1,1.641331
1000,2,1.707851
1000,3,1.595814
1000,4,1.684852
